{"type":"Topology","arcs":[[[31,427],[37,152],[20,58],[6,71],[15,115],[72,70],[-1,25],[11,19],[28,6],[17,-8],[9,-27],[22,-7],[83,7],[266,73],[83,5],[111,-19],[111,-25],[69,-56],[21,-70],[-21,-56],[-110,-175],[-71,-70],[-14,-3],[-39,-51],[-44,-52],[-36,-50],[-9,-19],[85,-73],[10,0],[33,36],[17,-15],[-65,-68],[-17,17],[18,20],[-83,72],[-18,3],[-37,-11],[-174,-138],[-89,-63],[-165,-95],[-61,-5],[-53,-20],[-34,15],[-31,35],[-3,70],[13,186],[8,51],[10,70]]],"transform":{"scale":[0.000004292779426309715,0.000004545638945232689],"translate":[111.918261,8.64226]},"objects":{"2012":{"type":"GeometryCollection","geometries":[{"arcs":[[0]],"type":"Polygon","properties":{"cartodb_id":1,"fid":0}}]}}}