{"type":"Topology","arcs":[[[184,287],[-16,17],[61,62],[39,19],[-17,19],[31,24],[32,-3],[59,60],[-12,15],[55,55],[14,73],[-18,8],[-6,-19],[-17,4],[17,66],[12,0],[0,-9],[32,0],[37,134],[-17,-6],[-2,45],[-6,13],[-12,2],[6,15],[20,27],[2,19],[-14,15],[10,15],[-79,-4],[0,19],[73,6],[10,17],[-14,5],[0,32],[-14,0],[-12,-26],[-221,41],[-16,-15],[-75,-156],[6,-14],[18,2],[4,17],[16,-9],[-34,-81],[-21,5],[9,23],[-17,13],[-18,-56],[-59,-102],[0,-85],[23,0],[0,21],[16,0],[2,-93],[-14,0],[-2,19],[-19,2],[0,-76],[-14,-9],[-12,0],[-8,15],[-2,210],[172,379],[94,94],[172,68],[375,130],[560,204],[-6,25],[79,28],[0,-19],[135,53],[120,-96],[-10,-104],[-331,-338],[-300,-389],[-87,-109],[69,-55],[24,32],[37,-24],[-55,-68],[-30,24],[12,19],[-61,55],[-6,-27],[-57,-47],[-67,-47],[-32,-19],[-20,-26],[-126,-108],[-14,-20],[-59,-18],[-22,10],[-37,-32],[-140,-147],[17,-15],[-69,-76],[-23,13],[-38,-13],[-55,-15],[-34,0],[-102,77],[-10,29],[10,77],[99,104]]],"transform":{"scale":[0.000005291593180480786,0.00000562012195121926],"translate":[111.915976,8.640447]},"objects":{"2017":{"type":"GeometryCollection","geometries":[{"arcs":[[0]],"type":"Polygon","properties":{"cartodb_id":1,"fid":0}}]}}}